{
    "variables": [],
    "info": {
        "name": "Echo - OAuth 1",
        "_postman_id": "5c5fd0ab-84e3-64f2-b08b-f97f1f2337ae",
        "description": "Postman Echo is service you can use to test your REST clients and make sample API calls. It provides endpoints for `GET`, `POST`, `PUT`, various auth mechanisms and other utility endpoints.",
        "schema": "http://schema.getpostman.com/collection/v2/collection.json"
    },
    "item": [
        {
            "id": "e574612b-c19a-66e7-9685-27751bafca0d",
            "name": "OAuth1.0 Verify Signature",
            "event": [
                {
                    "listen": "test",
                    "script": {
                        "type": "text/javascript",
                        "exec": "tests[\"response code is 200\"] = responseCode.code === 200;\nvar body = JSON.parse(responseBody);\ntests[\"Body contains status pass\"] = body[\"status\"] == \"pass\""
                    }
                }
            ],
            "request": {
                "auth": {
                    "type": "oauth1",
                    "oauth1": {
                        "consumerKey": "RKCGzna7bv9YD57c",
                        "consumerSecret": "D+EdQ-gs$-%@2Nu7",
                        "token": "",
                        "tokenSecret": "",
                        "signatureMethod": "HMAC-SHA1",
                        "timestamp": "1453890475",
                        "nonce": "yly1UR",
                        "version": "1.0",
                        "realm": "",
                        "addParamsToHeader": true,
                        "autoAddParam": true,
                        "addEmptyParamsToSign": false
                    }
                },
                "url": "https://echo.getpostman.com/oauth1",
                "method": "GET",
                "header": [
                    {
                        "key": "Authorization",
                        "value": "OAuth oauth_consumer_key=\"RKCGzna7bv9YD57c\",oauth_signature_method=\"HMAC-SHA1\",oauth_timestamp=\"1453890449\",oauth_nonce=\"aT8kIM\",oauth_version=\"1.0\",oauth_signature=\"Ng8eD0bKh6LO5V0A9O6Z%2BY6D0tU%3D\"",
                        "description": ""
                    }
                ],
                "body": {
                    "mode": "formdata",
                    "formdata": []
                },
                "description": "OAuth1.0a is a specification that defines a protocol that can be used by one\nservice to access \"protected\" resources (endpoints) on another service. A\nmajor part of OAuth1.0 is HTTP Request Signing. This endpoint allows you to \ncheck whether the request calculation works properly in the client. \n\nThe endpoint supports the HTTP ``Authorization`` header. In case the signature\nverification fails, the endpoint provides the four debug values,\n\n* ``base_uri``\n* ``normalized_param_string``\n* ``base_string``\n* ``signing_key``\n\nFor more details about these parameters, check the [OAuth1.0a Specification](http://oauth.net/core/1.0a/)\n\nIn order to use this endpoint, you can set the following values:\n\n> Consumer Key: ``RKCGzna7bv9YD57c``\n>\n> Consumer Secret: ``D+EdQ-gs$-%@2Nu7``\n\nIf you are using Postman, also check the \"Add params to header\" and \n\"Auto add parameters\" boxes."
            },
            "response": []
        }
    ]
}
